<?xml version="1.0" encoding="UTF-8"?>
<con:soapui-project id="f9e3e0b4-3a38-4f70-9e46-4eede462e5c6" activeEnvironment="Default" name="vodafone_malta" soapui-version="5.4.0-EB" abortOnError="false" runType="SEQUENTIAL" resourceRoot="${projectDir}" xmlns:con="http://eviware.com/soapui/config"><con:settings/><con:interface xsi:type="con:RestService" id="c612260d-4902-48d6-8147-5b20f77b4aa1" wadlVersion="http://wadl.dev.java.net/2009/02" name="https://jsonplaceholder.typicode.com" type="rest" xmlns:xsi="http://www.w3.org/2001/XMLSchema-instance"><con:settings/><con:definitionCache type="TEXT" rootPart=""/><con:endpoints><con:endpoint>https://jsonplaceholder.typicode.com</con:endpoint></con:endpoints><con:resource name="1" path="/todos/1" id="06bec1eb-c2f0-44a1-a700-b637623f592e"><con:settings/><con:parameters/><con:method name="1 1" id="7f4474f9-0d09-4e6a-bac7-b075e984151f" method="GET"><con:settings/><con:parameters/><con:representation type="RESPONSE"><con:mediaType>application/json; charset=utf-8</con:mediaType><con:status>200</con:status><con:params/><con:element xmlns:ns="https://jsonplaceholder.typicode.com/todos/1">ns:Response</con:element></con:representation><con:representation type="RESPONSE"><con:mediaType xsi:nil="true"/><con:status>0</con:status><con:params/><con:element>data</con:element></con:representation><con:representation type="RESPONSE"><con:mediaType xsi:nil="true"/><con:status>0</con:status><con:params/><con:element>data</con:element></con:representation><con:representation type="RESPONSE"><con:mediaType xsi:nil="true"/><con:status>0</con:status><con:params/><con:element>data</con:element></con:representation><con:representation type="RESPONSE"><con:mediaType xsi:nil="true"/><con:status>0</con:status><con:params/><con:element>data</con:element></con:representation><con:representation type="RESPONSE"><con:mediaType xsi:nil="true"/><con:status>0</con:status><con:params/><con:element>data</con:element></con:representation><con:representation type="RESPONSE"><con:mediaType xsi:nil="true"/><con:status>0</con:status><con:params/><con:element>data</con:element></con:representation><con:representation type="RESPONSE"><con:mediaType xsi:nil="true"/><con:status>0</con:status><con:params/><con:element>data</con:element></con:representation><con:representation type="RESPONSE"><con:mediaType xsi:nil="true"/><con:status>0</con:status><con:params/><con:element>data</con:element></con:representation><con:representation type="RESPONSE"><con:mediaType xsi:nil="true"/><con:status>0</con:status><con:params/><con:element>data</con:element></con:representation><con:representation type="RESPONSE"><con:mediaType xsi:nil="true"/><con:status>0</con:status><con:params/><con:element>data</con:element></con:representation><con:request name="Request 1" id="e9ca730b-e0c2-4730-b20c-3964966d94d4" mediaType="application/json"><con:settings><con:setting id="com.eviware.soapui.impl.wsdl.WsdlRequest@request-headers">&lt;xml-fragment/></con:setting></con:settings><con:endpoint>https://jsonplaceholder.typicode.com</con:endpoint><con:request/><con:originalUri>https://jsonplaceholder.typicode.com/todos/1</con:originalUri><con:credentials><con:authType>No Authorization</con:authType></con:credentials><con:jmsConfig JMSDeliveryMode="PERSISTENT"/><con:jmsPropertyConfig/><con:parameters/></con:request></con:method></con:resource></con:interface><con:testSuite id="fbbbc543-94a8-4fb1-b5a8-005c7ee2bf24" name="vodafone_malta"><con:settings/><con:runType>SEQUENTIAL</con:runType><con:testCase id="66628560-c04d-45f1-aab3-5f2010c46bb2" failOnError="true" failTestCaseOnErrors="true" keepSession="false" maxResults="0" name="TestCase 1" searchProperties="true"><con:settings/><con:testStep type="restrequest" name="1 1 - Request 1" id="c1b7f0f3-6c4d-45be-bc58-5b6c125448e9"><con:settings/><con:config service="https://jsonplaceholder.typicode.com" resourcePath="/todos/1" methodName="1 1" xsi:type="con:RestRequestStep" xmlns:xsi="http://www.w3.org/2001/XMLSchema-instance"><con:restRequest name="1 1 - Request 1" id="e9ca730b-e0c2-4730-b20c-3964966d94d4" mediaType="application/json"><con:settings><con:setting id="com.eviware.soapui.impl.wsdl.WsdlRequest@request-headers">&lt;xml-fragment/></con:setting></con:settings><con:endpoint>https://jsonplaceholder.typicode.com</con:endpoint><con:request/><con:originalUri>https://jsonplaceholder.typicode.com/todos/1</con:originalUri><con:assertion type="Simple Contains" id="e14ee480-d47f-4504-9b05-c0542f2aa249" name="title exists"><con:configuration><token>delectus aut autem</token><ignoreCase>false</ignoreCase><useRegEx>false</useRegEx></con:configuration></con:assertion><con:credentials><con:authType>No Authorization</con:authType></con:credentials><con:jmsConfig JMSDeliveryMode="PERSISTENT"/><con:jmsPropertyConfig/><con:parameters/></con:restRequest></con:config></con:testStep><con:properties/></con:testCase><con:properties/></con:testSuite><con:properties/><con:wssContainer/><con:oAuth2ProfileContainer/><con:oAuth1ProfileContainer/><con:sensitiveInformation/></con:soapui-project>